{"bg_color":"494e56ff","data":[{"color_theme":"White","from_node_id":10761493621121,"handle_node_ids":"10890409752703","id":10890409752703,"is_main_handle":true,"is_show_arrow_from":false,"is_show_arrow_to":true,"is_show_editable_text":false,"main_handle_id":null,"node":"LineHandle","position_offset_x":-2256,"position_offset_y":1224,"selectable":true,"text":"","to_node_id":10806423008663},{"color_theme":"White","from_node_id":10761493621121,"handle_node_ids":"10961192816477,10989680538342","id":10961192816477,"is_main_handle":true,"is_show_arrow_from":false,"is_show_arrow_to":true,"is_show_editable_text":false,"main_handle_id":null,"node":"LineHandle","position_offset_x":-2568,"position_offset_y":1320,"selectable":true,"text":"","to_node_id":10806423008663},{"color_theme":"White","from_node_id":10761493621121,"handle_node_ids":"","id":11089353976730,"is_main_handle":true,"is_show_arrow_from":false,"is_show_arrow_to":true,"is_show_editable_text":false,"main_handle_id":null,"node":"LineHandle","position_offset_x":-2208,"position_offset_y":792,"selectable":true,"text":"","to_node_id":10806423008663},{"color_theme":"White","from_node_id":-1,"handle_node_ids":"","id":10989680538342,"is_main_handle":false,"is_show_arrow_from":false,"is_show_arrow_to":false,"is_show_editable_text":false,"main_handle_id":10961192816477,"node":"LineHandle","position_offset_x":-1848,"position_offset_y":1320,"selectable":true,"text":"","to_node_id":-1},{"header_text":"Nested group","id":25555156164016,"node":"Group","position_offset_x":-2208,"position_offset_y":72,"selectable":false,"size_x":624.000061035156,"size_y":288.000274658203},{"header_text":"","id":34087461015990,"node":"Group","position_offset_x":-2256,"position_offset_y":24,"selectable":false,"size_x":839.999938964844,"size_y":479.999420166016},{"check":false,"color_theme":"Dark","header_text":"hoge.json","id":20047296819106,"is_md":false,"is_visible_check":false,"node":"TextDocument","path":"res://hoge.json","position_offset_x":-1080,"position_offset_y":-24,"selectable":true,"size_x":384,"size_y":456.000030517578,"text_edit_text":"{\n\t\"a\" : 1\n}"},{"check":false,"color_theme":"Light","header_text":"hoge.json","id":20047296819106,"is_md":false,"is_visible_check":false,"node":"TextDocument","path":"res://hoge.json","position_offset_x":-864,"position_offset_y":120,"selectable":true,"size_x":336,"size_y":312.000030517578,"text_edit_text":"{\n\t\"a\" : 1\n}"},{"check":false,"color_theme":"TrDark","header_text":"hoge.json","id":20047296819106,"is_md":false,"is_visible_check":false,"node":"TextDocument","path":"res://hoge.json","position_offset_x":-1368,"position_offset_y":-24,"selectable":true,"size_x":384,"size_y":456.000030517578,"text_edit_text":"{\n\t\"a\" : 1\n}"},{"check":false,"color_theme":"Light","header_text":"Label 1 line","id":21863363311880,"is_visible_check":false,"node":"Label","path":"","position_offset_x":-1392,"position_offset_y":-408,"selectable":true,"size_x":377,"size_y":96.0000305175781,"text_edit_text":""},{"check":false,"color_theme":"Light","header_text":"↓TextFile Node To Convert TxtDoc Node. (Right Click)","id":17463773328702,"is_visible_check":false,"node":"Label","path":"","position_offset_x":-1368,"position_offset_y":-264,"selectable":true,"size_x":912.000183105469,"size_y":49,"text_edit_text":""},{"check":false,"color_theme":"Light","header_text":"↓Edit Text File and save edited contents.","id":21863363311880,"is_visible_check":false,"node":"Label","path":"","position_offset_x":-1368,"position_offset_y":-96,"selectable":true,"size_x":640.000183105469,"size_y":49,"text_edit_text":""},{"check":false,"color_theme":"Light","header_text":"Create by Right click menu","id":16367868818731,"is_visible_check":false,"node":"Label","path":"","position_offset_x":-744,"position_offset_y":504,"selectable":true,"size_x":480,"size_y":49.0000305175781,"text_edit_text":""},{"check":false,"color_theme":"Light","header_text":"Locking node cannot be selected","id":18418598241220,"is_visible_check":false,"node":"Label","path":"","position_offset_x":-744,"position_offset_y":624,"selectable":true,"size_x":528,"size_y":49,"text_edit_text":""},{"id":16704738535453,"is_scene_play":false,"node":"File","path":"res://my_node.gd","position_offset_x":-2160,"position_offset_y":144,"script_icon_path":"res://icon.svg","script_path":"","selectable":false,"size_x":240,"size_y":41,"uid":"uid://<invalid>"},{"check":false,"color_theme":"Light","header_text":"Lock nodes in groups at right menu","id":16602095528119,"is_visible_check":false,"node":"Label","path":"","position_offset_x":-2184,"position_offset_y":384,"selectable":false,"size_x":538,"size_y":55.0000305175781,"text_edit_text":""},{"id":20047296819106,"is_scene_play":false,"node":"File","path":"res://hoge.json","position_offset_x":-1368,"position_offset_y":-192,"script_icon_path":"","script_path":"","selectable":true,"size_x":179,"size_y":41,"uid":"uid://<invalid>"},{"graph_path":"res://addons/godot-project-design-links/savedata/save1.json","id":20145107982840,"name":"hoge.json","node":"Link","position_offset_x":-2712,"position_offset_y":216,"selectable":true,"target_icon":"Edit","target_id":20047296819106},{"check":false,"color_theme":"Light","header_text":"","id":18733171039170,"is_md":false,"is_visible_check":false,"node":"TextDocument","path":"","position_offset_x":-1152,"position_offset_y":888,"selectable":true,"size_x":336,"size_y":216,"text_edit_text":"Markdown\nimg path is only res://"},{"check":false,"color_theme":"Dark","header_text":"マークダウン","id":24511680437711,"is_md":false,"is_visible_check":false,"node":"TextDocument","path":"","position_offset_x":-1152,"position_offset_y":432,"selectable":true,"size_x":384,"size_y":465.000030517578,"text_edit_text":"# h1\n## h2\n### h3\n#### h4\n##### h5 まで\n\n![a](res://icon.svg)\n\nsadwdadwwa"},{"id":24404104933342,"is_scene_play":false,"node":"File","path":"res://icon.svg","position_offset_x":-2712,"position_offset_y":-240,"script_icon_path":"","script_path":"","selectable":true,"size_x":266,"size_y":264.000030517578,"uid":"uid://2k76hig76xja"},{"check":false,"color_theme":"Light","header_text":"Create by Right click menu","id":21863363311880,"is_visible_check":false,"node":"Label","path":"","position_offset_x":-2712,"position_offset_y":168,"selectable":true,"size_x":480,"size_y":49,"text_edit_text":""},{"check":false,"color_theme":"Light","header_text":"↓Image resource can resized size","id":18257218174392,"is_visible_check":false,"node":"Label","path":"","position_offset_x":-2712,"position_offset_y":-288,"selectable":true,"size_x":505,"size_y":49,"text_edit_text":""},{"id":17658707811686,"is_scene_play":true,"node":"File","path":"res://node_2d.tscn","position_offset_x":-2784,"position_offset_y":336,"script_icon_path":"res://addons/godot-project-design-links/icon/md.svg","script_path":"","selectable":true,"size_x":266,"size_y":41,"uid":"uid://cd7k5dikwo4p8"},{"check":false,"color_theme":"Light","header_text":"↓Grab Nodes inner Group","id":21863363311880,"is_visible_check":false,"node":"Label","path":"","position_offset_x":-2256,"position_offset_y":-72,"selectable":true,"size_x":576,"size_y":72,"text_edit_text":""},{"id":18706327513077,"is_scene_play":false,"node":"File","path":"res://node_2d.tscn","position_offset_x":-2712,"position_offset_y":-384,"script_icon_path":"res://addons/godot-project-design-links/icon/md.svg","script_path":"","selectable":true,"size_x":218,"size_y":41,"uid":"uid://cd7k5dikwo4p8"},{"check":false,"color_theme":"Light","header_text":"↓change Size Y, Fontsize changed.","id":21863363311880,"is_visible_check":false,"node":"Label","path":"","position_offset_x":-1392,"position_offset_y":-480,"selectable":true,"size_x":552,"size_y":49,"text_edit_text":""},{"check":false,"color_theme":"Dark","header_text":"マークダウン","id":24511680437711,"is_md":true,"is_visible_check":false,"node":"TextDocument","path":"","position_offset_x":-1536,"position_offset_y":264,"selectable":true,"size_x":360,"size_y":768,"text_edit_text":"# h1\n## h2\n### h3\n#### h4\n##### h5 まで\n\n![a](res://icon.svg)\n\nsadwdadwwa"},{"check":false,"color_theme":"Light","header_text":"↓Markdown style Toggle btn.","id":21863363311880,"is_visible_check":false,"node":"Label","path":"","position_offset_x":-1536,"position_offset_y":216,"selectable":true,"size_x":432,"size_y":49,"text_edit_text":""},{"check":false,"color_theme":"Light","header_text":"↓Lock button","id":21863363311880,"is_visible_check":false,"node":"Label","path":"","position_offset_x":-744,"position_offset_y":456,"selectable":true,"size_x":288,"size_y":49.0000305175781,"text_edit_text":""},{"id":7890626783442,"is_scene_play":false,"node":"File","path":"res://icon.svg","position_offset_x":-744,"position_offset_y":696,"script_icon_path":"","script_path":"","selectable":true,"size_x":362,"size_y":408,"uid":"uid://2k76hig76xja"},{"check":false,"color_theme":"Light","header_text":"Godot editor open Click Node Icon resource file.","id":18447824169032,"is_visible_check":false,"node":"Label","path":"","position_offset_x":-2712,"position_offset_y":-480,"selectable":true,"size_x":1421,"size_y":96,"text_edit_text":""},{"check":false,"color_theme":"Light","header_text":"music file can play.(↑change volume menu)","id":21863363311880,"is_visible_check":false,"node":"Label","path":"","position_offset_x":-1776,"position_offset_y":-624,"selectable":true,"size_x":640,"size_y":49,"text_edit_text":""},{"check":false,"color_theme":"Light","header_text":"↓Jump to Other Node. LINK NODE!!","id":21863363311880,"is_visible_check":false,"node":"Label","path":"","position_offset_x":-2712,"position_offset_y":120,"selectable":true,"size_x":505,"size_y":49,"text_edit_text":""},{"check":false,"color_theme":"Light","header_text":"Create by Right click menu","id":15643831281854,"is_visible_check":false,"node":"Label","path":"","position_offset_x":-2544,"position_offset_y":336,"selectable":true,"size_x":405,"size_y":49,"text_edit_text":""},{"check":false,"color_theme":"Light","header_text":"↓Scene File node play the scene.","id":21863363311880,"is_visible_check":false,"node":"Label","path":"","position_offset_x":-2736,"position_offset_y":288,"selectable":true,"size_x":505,"size_y":49,"text_edit_text":""},{"check":false,"color_theme":"Light","header_text":"Or Draw mouse line Right drag","id":7998084836518,"is_visible_check":false,"node":"Label","path":"","position_offset_x":-2712,"position_offset_y":624,"selectable":true,"size_x":1104,"size_y":72,"text_edit_text":""},{"check":false,"color_theme":"Light","header_text":"select 2 node (multi select Ctrl + Click) and Press Connect btn.","id":5109585108106,"is_visible_check":false,"node":"Label","path":"","position_offset_x":-2712,"position_offset_y":528,"selectable":true,"size_x":1430,"size_y":72.0000305175781,"text_edit_text":""},{"id":10761493621121,"is_scene_play":false,"node":"File","path":"res://icon.svg","position_offset_x":-2636.62036132813,"position_offset_y":720,"script_icon_path":"","script_path":"","selectable":true,"size_x":166,"size_y":165,"uid":"uid://2k76hig76xja"},{"id":10806423008663,"is_scene_play":false,"node":"File","path":"res://icon.svg","position_offset_x":-1916.62036132813,"position_offset_y":720,"script_icon_path":"","script_path":"","selectable":true,"size_x":166,"size_y":165,"uid":"uid://2k76hig76xja"}],"default_line_color_theme":"White","default_text_color_theme":"Light","grid_color":"ffffff39","minimap_enabled":true,"scroll_offset_x":-1014.99273681641,"scroll_offset_y":-308.274749755859,"snap_distance":24,"sound_volume":0.2,"use_snap":true,"zoom":0.3580322265625}