{"bg_color":"282a2dff","data":[{"color_theme":"White","from_node_id":8137084072470,"handle_node_ids":"","id":6811885320778,"is_main_handle":true,"is_show_arrow_from":false,"is_show_arrow_to":true,"is_show_editable_text":false,"main_handle_id":null,"node":"LineHandle","position_offset_x":-1848,"position_offset_y":1824,"selectable":true,"text":"","to_node_id":8149046227431},{"color_theme":"White","from_node_id":8137084072470,"handle_node_ids":"6853593479824","id":6853593479824,"is_main_handle":true,"is_show_arrow_from":false,"is_show_arrow_to":true,"is_show_editable_text":false,"main_handle_id":null,"node":"LineHandle","position_offset_x":-1776,"position_offset_y":2064,"selectable":true,"text":"","to_node_id":8149046227431},{"color_theme":"White","from_node_id":8137084072470,"handle_node_ids":"7029032810176,7095906793617","id":7029032810176,"is_main_handle":true,"is_show_arrow_from":false,"is_show_arrow_to":true,"is_show_editable_text":false,"main_handle_id":null,"node":"LineHandle","position_offset_x":-2088,"position_offset_y":2184,"selectable":true,"text":"","to_node_id":8149046227431},{"color_theme":"White","from_node_id":-1,"handle_node_ids":"","id":7095906793617,"is_main_handle":false,"is_show_arrow_from":false,"is_show_arrow_to":false,"is_show_editable_text":false,"main_handle_id":7029032810176,"node":"LineHandle","position_offset_x":-1584,"position_offset_y":2184,"selectable":true,"text":"","to_node_id":-1},{"header_text":"","id":34087461015990,"node":"Group","position_offset_x":-2256,"position_offset_y":24,"selectable":true,"size_x":840,"size_y":479.999877929688},{"header_text":"ネストもできる","id":25555156164016,"node":"Group","position_offset_x":-2208,"position_offset_y":120,"selectable":true,"size_x":624.000061035156,"size_y":288},{"check":false,"color_theme":"Dark","header_text":"hoge.json","id":20047296819106,"is_md":false,"is_visible_check":false,"node":"TextDocument","path":"res://hoge.json","position_offset_x":-1080,"position_offset_y":288,"selectable":true,"size_x":384,"size_y":456,"text_edit_text":"{\n\t\"a\" : 1\n}"},{"check":false,"color_theme":"Dark","header_text":"マークダウン","id":24511680437711,"is_md":true,"is_visible_check":false,"node":"TextDocument","path":"","position_offset_x":-1368,"position_offset_y":864,"selectable":true,"size_x":360,"size_y":768,"text_edit_text":"# h1\n## h2\n### h3\n#### h4\n##### h5 まで\n\n![a](res://icon.svg)\n\nsadwdadwwa"},{"check":false,"color_theme":"TrDark","header_text":"hoge.json","id":20047296819106,"is_md":false,"is_visible_check":false,"node":"TextDocument","path":"res://hoge.json","position_offset_x":-1368,"position_offset_y":288,"selectable":true,"size_x":384,"size_y":456,"text_edit_text":"{\n\t\"a\" : 1\n}"},{"graph_path":"res://addons/godot-idea-board/savedata/save1.json","id":26975431359011,"name":"sadwqdwqqwdq","node":"Link","position_offset_x":-2160,"position_offset_y":936,"selectable":true,"target_icon":"Edit","target_id":34079005303679},{"check":false,"color_theme":"Light","header_text":"hoge.json","id":20047296819106,"is_md":false,"is_visible_check":false,"node":"TextDocument","path":"res://hoge.json","position_offset_x":-864,"position_offset_y":432,"selectable":true,"size_x":336,"size_y":312,"text_edit_text":"{\n\t\"a\" : 1\n}"},{"graph_path":"res://addons/godot-idea-board/savedata/save1.json","id":20145107982840,"name":"hoge.json","node":"Link","position_offset_x":-2160,"position_offset_y":816,"selectable":true,"target_icon":"Edit","target_id":20047296819106},{"check":false,"color_theme":"Light","header_text":"↓他のレイアウトのノードにもとべる","id":21863363311880,"is_visible_check":false,"node":"Label","path":"","position_offset_x":-2160,"position_offset_y":888,"selectable":true,"size_x":480,"size_y":49,"text_edit_text":""},{"check":false,"color_theme":"Light","header_text":"↓他のノードの場所にジャンプする","id":21863363311880,"is_visible_check":false,"node":"Label","path":"","position_offset_x":-2160,"position_offset_y":696,"selectable":true,"size_x":480,"size_y":49,"text_edit_text":""},{"check":false,"color_theme":"Light","header_text":"↓シーンファイルはプレイボタンを表示できる","id":21863363311880,"is_visible_check":false,"node":"Label","path":"","position_offset_x":-2160,"position_offset_y":1056,"selectable":true,"size_x":576,"size_y":49,"text_edit_text":""},{"check":false,"color_theme":"Light","header_text":"(右クリックメニューから作成)","id":21863363311880,"is_visible_check":false,"node":"Label","path":"","position_offset_x":-2160,"position_offset_y":1104,"selectable":true,"size_x":480,"size_y":49,"text_edit_text":""},{"check":false,"color_theme":"Light","header_text":"(右クリックメニューから作成)","id":21863363311880,"is_visible_check":false,"node":"Label","path":"","position_offset_x":-2160,"position_offset_y":744,"selectable":true,"size_x":480,"size_y":49,"text_edit_text":""},{"check":false,"color_theme":"Light","header_text":"または右クリックでドラッグして線上に2つのノードを通す","id":7998084836518,"is_visible_check":false,"node":"Label","path":"","position_offset_x":-2160,"position_offset_y":1656,"selectable":true,"size_x":1104,"size_y":72,"text_edit_text":""},{"check":false,"color_theme":"Light","header_text":"2つのノードを選択する（Ctrl+クリックで追加選択）→接続ボタン","id":5109585108106,"is_visible_check":false,"node":"Label","path":"","position_offset_x":-2160,"position_offset_y":1560,"selectable":true,"size_x":1126,"size_y":72,"text_edit_text":""},{"id":7417861590240,"is_scene_play":true,"node":"File","path":"res://node_2d.tscn","position_offset_x":-2160,"position_offset_y":1176,"script_icon_path":"","script_path":"","selectable":true,"size_x":266,"size_y":41,"uid":""},{"id":12957832538770,"is_scene_play":false,"node":"File","path":"res://node_2d.tscn","position_offset_x":-2160,"position_offset_y":1248,"script_icon_path":"","script_path":"","selectable":true,"size_x":218,"size_y":41,"uid":""},{"check":false,"color_theme":"Light","header_text":"↓グループをまとめてつかむ","id":21863363311880,"is_visible_check":false,"node":"Label","path":"","position_offset_x":-2256,"position_offset_y":-72,"selectable":true,"size_x":576,"size_y":72,"text_edit_text":""},{"check":false,"color_theme":"Light","header_text":"音楽ファイルは再生ボタンがつく","id":21863363311880,"is_visible_check":false,"node":"Label","path":"","position_offset_x":-2160,"position_offset_y":528,"selectable":true,"size_x":480,"size_y":49,"text_edit_text":""},{"check":false,"color_theme":"Light","header_text":"↓縦サイズを変えるとフォントサイズも変わる","id":21863363311880,"is_visible_check":false,"node":"Label","path":"","position_offset_x":-1392,"position_offset_y":-168,"selectable":true,"size_x":552,"size_y":49,"text_edit_text":""},{"check":false,"color_theme":"Light","header_text":"↓マークダウンを編集できる","id":21863363311880,"is_visible_check":false,"node":"Label","path":"","position_offset_x":-1368,"position_offset_y":816,"selectable":true,"size_x":432,"size_y":49,"text_edit_text":""},{"id":24404104933342,"is_scene_play":false,"node":"File","path":"res://icon.svg","position_offset_x":-480,"position_offset_y":264,"script_icon_path":"","script_path":"","selectable":true,"size_x":458,"size_y":600,"uid":"uid://2k76hig76xja"},{"check":false,"color_theme":"Light","header_text":"(右クリックメニューから作成)","id":21863363311880,"is_visible_check":false,"node":"Label","path":"","position_offset_x":-528,"position_offset_y":912,"selectable":true,"size_x":370,"size_y":49,"text_edit_text":""},{"check":false,"color_theme":"Light","header_text":"↓テキストファイルを編集できる","id":21863363311880,"is_visible_check":false,"node":"Label","path":"","position_offset_x":-1368,"position_offset_y":216,"selectable":true,"size_x":552,"size_y":49,"text_edit_text":""},{"check":false,"color_theme":"Light","header_text":"ラベル","id":21863363311880,"is_visible_check":false,"node":"Label","path":"","position_offset_x":-1392,"position_offset_y":-96,"selectable":true,"size_x":240,"size_y":96,"text_edit_text":""},{"check":false,"color_theme":"Light","header_text":"↓テキストファイル参照ノードからテキストノードに変換できる（右クリック）","id":17463773328702,"is_visible_check":false,"node":"Label","path":"","position_offset_x":-1368,"position_offset_y":48,"selectable":true,"size_x":915.000061035156,"size_y":49,"text_edit_text":""},{"id":20047296819106,"is_scene_play":false,"node":"File","path":"res://hoge.json","position_offset_x":-1368,"position_offset_y":120,"script_icon_path":"","script_path":"","selectable":true,"size_x":179,"size_y":41,"uid":""},{"id":7417861590240,"is_scene_play":false,"node":"File","path":"res://node_2d.tscn","position_offset_x":-528,"position_offset_y":1104,"script_icon_path":"","script_path":"","selectable":true,"size_x":218,"size_y":41,"uid":""},{"check":false,"color_theme":"Light","header_text":"(またはヘッダーメニューで選択中を全ロック)","id":21863363311880,"is_visible_check":false,"node":"Label","path":"","position_offset_x":-528,"position_offset_y":960,"selectable":true,"size_x":545,"size_y":49,"text_edit_text":""},{"check":false,"color_theme":"Light","header_text":"ロックすると選択できなくなる","id":18418598241220,"is_visible_check":false,"node":"Label","path":"","position_offset_x":-528,"position_offset_y":1032,"selectable":true,"size_x":528,"size_y":49,"text_edit_text":""},{"check":false,"color_theme":"Light","header_text":"↓ロック","id":21863363311880,"is_visible_check":false,"node":"Label","path":"","position_offset_x":-528,"position_offset_y":864,"selectable":true,"size_x":288,"size_y":49,"text_edit_text":""},{"check":false,"color_theme":"Dark","header_text":"マークダウン","id":24511680437711,"is_md":false,"is_visible_check":false,"node":"TextDocument","path":"","position_offset_x":-960,"position_offset_y":888,"selectable":true,"size_x":384,"size_y":456,"text_edit_text":"# h1\n## h2\n### h3\n#### h4\n##### h5 まで\n\n![a](res://icon.svg)\n\nsadwdadwwa"},{"check":false,"color_theme":"Light","header_text":"","id":18733171039170,"is_md":false,"is_visible_check":false,"node":"TextDocument","path":"","position_offset_x":-960,"position_offset_y":1344,"selectable":true,"size_x":336,"size_y":216,"text_edit_text":"マークダウン\n画像はres://だけ使える"},{"id":8137084072470,"is_scene_play":false,"node":"File","path":"res://icon.svg","position_offset_x":-2160,"position_offset_y":1752,"script_icon_path":"","script_path":"","selectable":true,"size_x":166,"size_y":168,"uid":"uid://2k76hig76xja"},{"id":8149046227431,"is_scene_play":false,"node":"File","path":"res://icon.svg","position_offset_x":-1656,"position_offset_y":1752,"script_icon_path":"","script_path":"","selectable":true,"size_x":166,"size_y":168,"uid":"uid://2k76hig76xja"}],"default_line_color_theme":"White","default_text_color_theme":"Light","grid_color":"ffffff39","minimap_enabled":true,"scroll_offset_x":-909.022766113281,"scroll_offset_y":-299.534637451172,"snap_distance":24,"sound_volume":0.2,"use_snap":true,"zoom":0.387352764606476}